{
    "metadata":{
        "type":"Geometry",
        "generator":"io_three",
        "version":3,
        "vertices":12,
        "normals":8,
        "materials":3,
        "uvs":1,
        "faces":10
    },
    "vertices":[-6.08859,3.87982,-0.17073,-6.08859,5.03908,-0.17073,-6.08859,3.87982,-0.201453,-6.08859,5.03908,-0.201453,-3.63259,3.87982,-0.17073,-3.63259,5.03908,-0.17073,-3.63259,3.87982,-0.201453,-3.63259,5.03908,-0.201453,-6.03655,3.93693,-0.17073,-6.03655,4.98197,-0.17073,-3.68463,4.98197,-0.17073,-3.68463,3.93693,-0.17073],
    "faces":[43,0,1,3,2,0,0,0,0,0,0,0,0,0,43,2,3,7,6,1,0,0,0,0,1,1,1,1,43,6,7,5,4,0,0,0,0,0,2,2,2,2,43,5,1,9,10,0,0,0,0,0,3,3,3,3,43,4,0,2,6,0,0,0,0,0,4,4,4,4,43,7,3,1,5,0,0,0,0,0,5,5,5,5,43,11,10,9,8,2,0,0,0,0,6,6,6,6,43,4,5,10,11,0,0,0,0,0,6,6,6,6,43,1,0,8,9,0,0,0,0,0,7,7,7,7,43,0,4,11,8,0,0,0,0,0,7,7,7,7],
    "uvs":[[0,0]],
    "normals":[-1,0,0,-0,0,-1,1,0,0,0,-0,1,0,-1,0,0,1,0,-0,0,1,0,0,1],
    "materials":[{
        "colorEmissive":[0,0,0],
        "shading":"phong",
        "opacity":1,
        "transparent":false,
        "visible":true,
        "wireframe":false,
        "blending":"NormalBlending",
        "depthTest":true,
        "depthWrite":true,
        "doubleSided":false,
        "DbgName":"skirting boards",
        "DbgColor":60928,
        "DbgIndex":2,
        "colorDiffuse":[0.738422,0.730756,0.8],
        "specularCoef":50,
        "colorSpecular":[0.5,0.5,0.5]
    },{
        "colorEmissive":[0,0,0],
        "shading":"phong",
        "opacity":1,
        "transparent":false,
        "visible":true,
        "wireframe":false,
        "blending":"NormalBlending",
        "depthTest":true,
        "depthWrite":true,
        "doubleSided":false,
        "DbgName":"speaking notice",
        "DbgColor":15597568,
        "DbgIndex":1,
        "colorDiffuse":[0.8,0.8,0.8],
        "specularCoef":20,
        "colorSpecular":[0.253731,0.253731,0.253731]
    },{
        "colorEmissive":[0,0,0],
        "shading":"phong",
        "opacity":1,
        "transparent":false,
        "visible":true,
        "wireframe":false,
        "blending":"NormalBlending",
        "depthTest":true,
        "depthWrite":true,
        "doubleSided":false,
        "DbgName":"black",
        "DbgColor":15658496,
        "DbgIndex":4,
        "colorDiffuse":[0,0,0],
        "specularCoef":50,
        "colorSpecular":[0.5,0.5,0.5]
    }]
}