{
    "vertices":[0.028402,0.050546,2.37982,0.028402,-0.0505458,2.37982,0.028402,0.0505507,108.944,0.028402,-0.0505412,108.944,-0.028402,0.050546,2.37982,-0.028402,-0.0505458,2.37982,-0.028402,0.0505507,108.944,-0.028402,-0.0505412,108.944],
    "normals":[0,-1,4.36977e-08,0,0,-1,-1,0,0,-0,0,1,0,1,-4.36977e-08,1,0,0],
    "faces":[35,5,1,3,7,0,0,0,0,0,35,0,1,5,4,0,1,1,1,1,35,7,6,4,5,0,2,2,2,2,35,3,2,6,7,0,3,3,3,3,35,0,4,6,2,0,4,4,4,4,35,1,0,2,3,0,5,5,5,5],
    "metadata":{
        "materials":3,
        "version":3,
        "normals":6,
        "vertices":8,
        "type":"Geometry",
        "generator":"io_three",
        "faces":6
    },
    "materials":[{
        "depthWrite":true,
        "opacity":1,
        "blending":1,
        "wireframe":false,
        "DbgIndex":0,
        "colorEmissive":[0,0,0],
        "colorSpecular":[0.0520443,0.0443238,0.0323319],
        "depthTest":true,
        "specularCoef":27,
        "doubleSided":false,
        "colorDiffuse":[0.71307,0.569992,0.549245],
        "DbgName":"skin",
        "visible":true,
        "shading":"phong",
        "transparent":false,
        "DbgColor":15658734
    },{
        "depthWrite":true,
        "opacity":1,
        "blending":1,
        "wireframe":false,
        "DbgIndex":1,
        "colorEmissive":[0,0,0],
        "colorSpecular":[0.113138,0.0769071,0.0719551],
        "depthTest":true,
        "specularCoef":50,
        "doubleSided":false,
        "colorDiffuse":[0.8,0.425932,0.470575],
        "DbgName":"lips",
        "visible":true,
        "shading":"phong",
        "transparent":false,
        "DbgColor":15597568
    },{
        "depthWrite":true,
        "opacity":1,
        "blending":1,
        "wireframe":false,
        "DbgIndex":2,
        "colorEmissive":[0,0,0],
        "colorSpecular":[0.0061677,0.00548117,0.00221567],
        "depthTest":true,
        "specularCoef":50,
        "doubleSided":false,
        "colorDiffuse":[0.188666,0.121014,0.0903949],
        "DbgName":"eyebrows",
        "visible":true,
        "shading":"phong",
        "transparent":false,
        "DbgColor":60928
    }]
}