{
    "metadata":{
        "type":"Geometry",
        "generator":"io_three",
        "version":3,
        "vertices":24,
        "normals":22,
        "materials":3,
        "uvs":1,
        "faces":22
    },
    "vertices":[0.598962,2.46532,1.91215,0.59905,2.51991,1.92275,1.30265,3.47146,0.946672,1.29429,3.48636,0.963424,1.85081,2.31633,2.6693,1.8509,2.37092,2.67989,2.5545,3.32247,1.70382,2.54614,3.33737,1.72057,1.12064,2.62578,1.0812,1.12072,2.68037,1.0918,2.37249,2.47679,1.83834,2.37258,2.53138,1.84894,1.14794,2.69548,1.10308,1.31381,3.46569,0.980405,2.51893,3.32226,1.70929,2.35306,2.55205,1.83196,1.1551,2.68735,1.08964,1.32097,3.45756,0.966967,2.52609,3.31413,1.69585,2.36022,2.54392,1.81852,0.773685,2.51906,1.63384,2.02562,2.42466,2.40159,0.773773,2.57365,1.64444,2.02554,2.37007,2.39099],
    "faces":[43,8,9,3,2,0,0,0,0,0,0,0,0,0,43,2,3,7,6,0,0,0,0,0,1,1,1,1,43,23,21,5,4,0,0,0,0,0,2,2,2,2,43,1,0,4,5,0,0,0,0,0,3,3,3,3,43,4,0,20,23,0,0,0,0,0,4,4,4,4,43,21,22,1,5,0,1,2,3,4,5,5,5,5,43,11,7,14,15,0,0,0,0,0,6,6,6,6,43,2,6,10,8,0,0,0,0,0,7,7,7,7,43,6,7,11,10,0,0,0,0,0,8,8,8,8,43,20,22,9,8,0,0,0,0,0,9,9,9,9,43,15,14,18,19,0,0,0,0,0,10,10,10,10,43,3,9,12,13,0,0,0,0,0,11,11,11,11,43,7,3,13,14,0,0,0,0,0,12,12,12,12,43,9,11,15,12,0,0,0,0,0,13,13,13,13,43,18,17,16,19,1,5,6,7,8,14,14,14,14,43,13,12,16,17,0,0,0,0,0,15,15,15,15,43,12,15,19,16,0,0,0,0,0,16,16,16,16,43,14,13,17,18,0,0,0,0,0,17,17,17,17,43,0,1,22,20,0,0,0,0,0,18,18,18,18,43,11,9,22,21,2,9,10,11,12,19,19,19,19,43,8,10,23,20,0,0,0,0,0,20,20,20,20,43,10,11,21,23,0,0,0,0,0,21,21,21,21],
    "uvs":[[0,0,0.999928,0.4975,7.18816e-05,0.4975,7.18649e-05,7.18649e-05,0.999928,7.18649e-05,0.995155,0.999976,2.61971e-05,0.999976,2.34756e-05,2.36288e-05,0.995151,2.34756e-05,0.994048,0.858664,0.00595161,0.858664,0.00595158,0.102413,0.994048,0.102413]],
    "normals":[-0.851267,0.101315,-0.51486,0.391561,0.775834,-0.494733,0.851265,-0.101314,0.514863,-0.524734,-0.161399,0.835826,-0.00158229,-0.981675,-0.190557,0.00158223,0.981675,0.190557,-0.481743,0.238066,0.843356,0.481789,-0.237858,-0.843388,0.851266,-0.101315,0.514861,-0.851265,0.101315,-0.514862,-0.851266,0.101315,-0.51486,-0.481746,0.238066,0.843354,-0.481744,0.23807,0.843354,-0.481745,0.238065,0.843355,-0.481744,0.238066,0.843355,0.851263,-0.101313,0.514866,0.321432,0.876232,-0.359026,-0.321432,-0.876231,0.359027,-0.851265,0.101314,-0.514863,0.00158216,0.981675,0.190557,-0.00158216,-0.981675,-0.190557,0.851265,-0.101315,0.514862],
    "materials":[{
        "colorEmissive":[0,0,0],
        "shading":"phong",
        "opacity":1,
        "transparent":false,
        "visible":true,
        "wireframe":false,
        "blending":"NormalBlending",
        "depthTest":true,
        "depthWrite":true,
        "doubleSided":false,
        "DbgName":"PlasticGrey",
        "DbgColor":15658734,
        "DbgIndex":0,
        "colorDiffuse":[0.0924774,0.0924774,0.0924774],
        "specularCoef":50,
        "colorSpecular":[0.5,0.5,0.5]
    },{
        "colorEmissive":[0,0,0],
        "shading":"phong",
        "opacity":1,
        "transparent":false,
        "visible":true,
        "wireframe":false,
        "blending":"NormalBlending",
        "depthTest":true,
        "depthWrite":true,
        "doubleSided":false,
        "DbgName":"screenNews",
        "DbgColor":60928,
        "DbgIndex":2,
        "colorDiffuse":[0.513381,0.513381,0.513381],
        "specularCoef":50,
        "colorSpecular":[0.334532,0.334532,0.334532],
        "mapDiffuse":"IrishNewsNew.png",
        "mapDiffuseAnisotropy":1,
        "mapDiffuseWrap":["repeat","repeat"],
        "mapDiffuseRepeat":[1,1]
    },{
        "colorEmissive":[0,0,0],
        "shading":"phong",
        "opacity":1,
        "transparent":false,
        "visible":true,
        "wireframe":false,
        "blending":"NormalBlending",
        "depthTest":true,
        "depthWrite":true,
        "doubleSided":false,
        "DbgName":"Material",
        "DbgColor":15597568,
        "DbgIndex":1,
        "colorDiffuse":[0.415502,0.415502,0.415502],
        "specularCoef":50,
        "colorSpecular":[0.5,0.5,0.5],
        "mapDiffuse":"keyboard.png",
        "mapDiffuseAnisotropy":1,
        "mapDiffuseWrap":["repeat","repeat"],
        "mapDiffuseRepeat":[1,1]
    }]
}