{
    "metadata":{
        "type":"Geometry",
        "generator":"io_three",
        "version":3,
        "vertices":24,
        "normals":22,
        "materials":3,
        "uvs":1,
        "faces":22
    },
    "vertices":[0.455629,2.46865,1.8329,0.454944,2.52327,1.84335,1.1887,3.44928,1.03866,1.17961,3.46449,1.05329,1.4363,2.33851,2.57736,1.43562,2.39312,2.58781,2.16938,3.31913,1.78311,2.16029,3.33435,1.79775,1.00743,2.60992,1.13071,1.00675,2.66454,1.14116,1.98811,2.47978,1.87517,1.98742,2.53439,1.88562,1.02889,2.67986,1.1531,1.19408,3.44431,1.06914,2.13815,3.31902,1.7858,1.97295,2.55457,1.86977,1.03661,2.67146,1.14146,1.2018,3.43591,1.0575,2.14587,3.31062,1.77417,1.98067,2.54617,1.85813,0.640443,2.51597,1.59772,1.62043,2.44044,2.35263,0.639758,2.57058,1.60817,1.62112,2.38582,2.34218],
    "faces":[43,8,9,3,2,0,0,0,0,0,0,0,0,0,43,2,3,7,6,0,0,0,0,0,1,1,1,1,43,23,21,5,4,0,0,0,0,0,2,2,2,2,43,1,0,4,5,0,0,0,0,0,3,3,3,3,43,4,0,20,23,0,0,0,0,0,4,4,4,4,43,21,22,1,5,0,1,2,3,4,5,5,5,5,43,11,7,14,15,0,0,0,0,0,6,6,6,6,43,2,6,10,8,0,0,0,0,0,7,7,7,7,43,6,7,11,10,0,0,0,0,0,8,8,8,8,43,20,22,9,8,0,0,0,0,0,9,9,9,9,43,15,14,18,19,0,0,0,0,0,10,10,10,10,43,3,9,12,13,0,0,0,0,0,11,11,11,11,43,7,3,13,14,0,0,0,0,0,12,12,12,12,43,9,11,15,12,0,0,0,0,0,13,13,13,13,43,18,17,16,19,1,5,6,7,8,14,14,14,14,43,13,12,16,17,0,0,0,0,0,15,15,15,15,43,12,15,19,16,0,0,0,0,0,16,16,16,16,43,14,13,17,18,0,0,0,0,0,17,17,17,17,43,0,1,22,20,0,0,0,0,0,18,18,18,18,43,11,9,22,21,2,9,10,11,12,19,19,19,19,43,8,10,23,20,0,0,0,0,0,20,20,20,20,43,10,11,21,23,0,0,0,0,0,21,21,21,21],
    "uvs":[[0,0,0.999928,0.4975,7.18816e-05,0.4975,7.18649e-05,7.18649e-05,0.999928,7.18649e-05,0.969752,0.999976,0.00157639,0.999976,0.00157367,2.36288e-05,0.969747,2.34756e-05,0.994048,0.858664,0.00595161,0.858664,0.00595158,0.102413,0.994048,0.102413]],
    "normals":[-0.792082,0.105116,-0.601296,0.464981,0.742099,-0.482785,0.792083,-0.105116,0.601295,-0.61029,-0.156242,0.776618,0.0123126,-0.982109,-0.187908,-0.0123128,0.982109,0.187909,-0.573147,0.210832,0.791866,0.573192,-0.210637,-0.791886,0.792085,-0.105117,0.601292,-0.792083,0.105116,-0.601295,-0.792083,0.105117,-0.601295,-0.573154,0.210833,0.791861,-0.573148,0.21084,0.791864,-0.57315,0.21083,0.791865,-0.57315,0.210833,0.791864,0.792082,-0.105116,0.601295,0.384985,0.850465,-0.358463,-0.384986,-0.850464,0.358465,-0.792083,0.105117,-0.601295,-0.0123126,0.982109,0.187909,0.0123126,-0.982109,-0.187908,0.792083,-0.105116,0.601295],
    "materials":[{
        "colorEmissive":[0,0,0],
        "shading":"phong",
        "opacity":1,
        "transparent":false,
        "visible":true,
        "wireframe":false,
        "blending":"NormalBlending",
        "depthTest":true,
        "depthWrite":true,
        "doubleSided":false,
        "DbgName":"PlasticGrey",
        "DbgColor":15658734,
        "DbgIndex":0,
        "colorDiffuse":[0.0924774,0.0924774,0.0924774],
        "specularCoef":50,
        "colorSpecular":[0.5,0.5,0.5]
    },{
        "colorEmissive":[0,0,0],
        "shading":"phong",
        "opacity":1,
        "transparent":false,
        "visible":true,
        "wireframe":false,
        "blending":"NormalBlending",
        "depthTest":true,
        "depthWrite":true,
        "doubleSided":false,
        "DbgName":"screen",
        "DbgColor":60928,
        "DbgIndex":2,
        "colorDiffuse":[0.484604,0.484604,0.484604],
        "specularCoef":50,
        "colorSpecular":[0.5,0.5,0.5],
        "mapDiffuse":"IrishNews.png",
        "mapDiffuseAnisotropy":1,
        "mapDiffuseWrap":["repeat","repeat"],
        "mapDiffuseRepeat":[1,1]
    },{
        "colorEmissive":[0,0,0],
        "shading":"phong",
        "opacity":1,
        "transparent":false,
        "visible":true,
        "wireframe":false,
        "blending":"NormalBlending",
        "depthTest":true,
        "depthWrite":true,
        "doubleSided":false,
        "DbgName":"Material",
        "DbgColor":15597568,
        "DbgIndex":1,
        "colorDiffuse":[0.415502,0.415502,0.415502],
        "specularCoef":50,
        "colorSpecular":[0.5,0.5,0.5],
        "mapDiffuse":"keyboard.png",
        "mapDiffuseAnisotropy":1,
        "mapDiffuseWrap":["repeat","repeat"],
        "mapDiffuseRepeat":[1,1]
    }]
}