{
    "metadata":{
        "type":"Geometry",
        "generator":"io_three",
        "version":3,
        "vertices":24,
        "normals":22,
        "materials":3,
        "uvs":1,
        "faces":22
    },
    "vertices":[-0.531127,2.46775,2.14742,-0.531812,2.52236,2.15787,0.182465,3.44338,1.37796,0.173607,3.45866,1.3923,0.398324,2.34441,2.85299,0.397639,2.39902,2.86344,1.11192,3.32003,2.08354,1.10306,3.33531,2.09787,0.00620756,2.60532,1.46364,0.00552291,2.65993,1.47409,0.935659,2.48197,2.16921,0.934974,2.53658,2.17966,0.0266015,2.67535,1.48544,0.187225,3.43863,1.40728,1.08198,3.31988,2.08652,0.921356,2.55661,2.16468,0.0341232,2.6669,1.47405,0.194747,3.43017,1.3959,1.0895,3.31143,2.07513,0.928878,2.54816,2.15329,-0.351159,2.51383,1.9184,0.577607,2.44509,2.63442,-0.351844,2.56844,1.92885,0.578292,2.39048,2.62398],
    "faces":[43,8,9,3,2,0,0,0,0,0,0,0,0,0,43,2,3,7,6,0,0,0,0,0,1,1,1,1,43,23,21,5,4,0,0,0,0,0,2,2,2,2,43,1,0,4,5,0,0,0,0,0,3,3,3,3,43,4,0,20,23,0,0,0,0,0,4,4,4,4,43,21,22,1,5,0,1,2,3,4,5,5,5,5,43,11,7,14,15,0,0,0,0,0,6,6,6,6,43,2,6,10,8,0,0,0,0,0,7,7,7,7,43,6,7,11,10,0,0,0,0,0,8,8,8,8,43,20,22,9,8,0,0,0,0,0,9,9,9,9,43,15,14,18,19,0,0,0,0,0,10,10,10,10,43,3,9,12,13,0,0,0,0,0,11,11,11,11,43,7,3,13,14,0,0,0,0,0,12,12,12,12,43,9,11,15,12,0,0,0,0,0,13,13,13,13,43,18,17,16,19,1,0,0,0,0,14,14,14,14,43,13,12,16,17,0,0,0,0,0,15,15,15,15,43,12,15,19,16,0,0,0,0,0,16,16,16,16,43,14,13,17,18,0,0,0,0,0,17,17,17,17,43,0,1,22,20,0,0,0,0,0,18,18,18,18,43,11,9,22,21,2,5,6,7,8,19,19,19,19,43,8,10,23,20,0,0,0,0,0,20,20,20,20,43,10,11,21,23,0,0,0,0,0,21,21,21,21],
    "uvs":[[0,0,0.999928,0.4975,7.18816e-05,0.4975,7.18649e-05,7.18649e-05,0.999928,7.18649e-05,0.994048,0.858664,0.00595161,0.858664,0.00595158,0.102413,0.994048,0.102413]],
    "normals":[-0.792084,0.105117,-0.601294,0.470072,0.733448,-0.491005,0.792083,-0.105116,0.601295,-0.610289,-0.156244,0.776617,0.0123126,-0.982109,-0.187909,-0.0123128,0.982109,0.187909,-0.574997,0.20218,0.792781,0.575035,-0.201988,-0.792802,0.792085,-0.105117,0.601292,-0.792083,0.105116,-0.601295,-0.792083,0.105117,-0.601295,-0.574995,0.20218,0.792782,-0.574995,0.20218,0.792783,-0.574994,0.202181,0.792782,-0.574995,0.20218,0.792783,0.792082,-0.105116,0.601296,0.391175,0.84362,-0.367814,-0.391175,-0.84362,0.367814,-0.792083,0.105116,-0.601295,-0.0123126,0.982109,0.187909,0.0123126,-0.982109,-0.187909,0.792083,-0.105117,0.601295],
    "materials":[{
        "colorEmissive":[0,0,0],
        "shading":"phong",
        "opacity":1,
        "transparent":false,
        "visible":true,
        "wireframe":false,
        "blending":"NormalBlending",
        "depthTest":true,
        "depthWrite":true,
        "doubleSided":false,
        "DbgName":"PlasticGrey",
        "DbgColor":15597568,
        "DbgIndex":1,
        "colorDiffuse":[0.0924774,0.0924774,0.0924774],
        "specularCoef":50,
        "colorSpecular":[0.5,0.5,0.5]
    },{
        "colorEmissive":[0,0,0],
        "shading":"phong",
        "opacity":1,
        "transparent":false,
        "visible":true,
        "wireframe":false,
        "blending":"NormalBlending",
        "depthTest":true,
        "depthWrite":true,
        "doubleSided":false,
        "DbgName":"ScreenBlack",
        "DbgColor":15658734,
        "DbgIndex":0,
        "colorDiffuse":[0,0,0],
        "specularCoef":50,
        "colorSpecular":[0.634328,0.634328,0.634328]
    },{
        "colorEmissive":[0,0,0],
        "shading":"phong",
        "opacity":1,
        "transparent":false,
        "visible":true,
        "wireframe":false,
        "blending":"NormalBlending",
        "depthTest":true,
        "depthWrite":true,
        "doubleSided":false,
        "DbgName":"Material",
        "DbgColor":60928,
        "DbgIndex":2,
        "colorDiffuse":[0.415502,0.415502,0.415502],
        "specularCoef":50,
        "colorSpecular":[0.5,0.5,0.5],
        "mapDiffuse":"keyboard.png",
        "mapDiffuseAnisotropy":1,
        "mapDiffuseWrap":["repeat","repeat"],
        "mapDiffuseRepeat":[1,1]
    }]
}