{
    "faces":[43,4,5,3,1,3,0,0,0,0,0,0,0,0,43,0,2,14,15,6,0,0,0,0,1,1,1,1,43,0,7,6,2,2,0,0,0,0,2,2,2,2,43,6,7,8,9,2,0,0,0,0,3,3,3,3,43,4,9,8,5,2,0,0,0,0,4,4,4,4,43,16,11,13,17,3,0,0,0,0,0,0,0,0,43,14,12,10,15,6,0,0,0,0,1,1,1,1,43,10,12,18,19,2,0,0,0,0,5,5,5,5,43,18,21,20,19,2,0,0,0,0,3,3,3,3,43,16,17,20,21,2,0,0,0,0,6,6,6,6,43,9,6,23,22,2,0,0,0,0,7,7,7,7,43,6,2,25,23,2,0,0,0,0,7,7,7,7,43,4,9,22,24,2,0,0,0,0,7,7,7,7,43,21,18,41,42,2,0,0,0,0,8,8,8,8,43,9,4,34,36,2,0,0,0,0,9,9,9,9,43,2,6,35,33,2,0,0,0,0,10,10,10,10,43,12,14,39,38,6,0,0,0,0,11,11,11,11,43,16,21,42,40,2,0,0,0,0,12,12,12,12,43,14,2,33,39,6,0,0,0,0,13,13,13,13,43,6,9,36,35,2,0,0,0,0,14,14,14,14,43,18,12,38,41,2,0,0,0,0,15,15,15,15,43,11,16,40,37,3,0,0,0,0,16,16,16,16,43,4,1,32,34,3,0,0,0,0,17,17,17,17],
    "normals":[0,-1,4.37114e-08,0,-1,4.37114e-08,0.986678,-0.161566,0.019061,0,-1,4.35832e-08,-0.546738,0.837268,-0.0077418,-0.986678,-0.161566,0.019061,0.546738,0.837268,-0.0077418,0,0,0,0,-1,4.33578e-08,-0.536631,0.258734,0.803171,0.536631,-0.258734,-0.803171,-3.99125e-15,-1,4.37114e-08,0.581741,0.259518,0.770861,3.69e-15,-1,4.37114e-08,0,-1,4.33576e-08,-0.581741,-0.259518,-0.770861,3.12761e-16,-1,4.37114e-08,-3.17325e-16,-1,4.37114e-08],
    "uvs":[[0,0]],
    "vertices":[3.08151,-1.06845e-07,-2.44433,23.7105,8.6739e-07,19.8436,2.61916,9.39303e-07,21.4888,34.2862,9.73198e-08,2.22642,2.72592,9.39303e-07,21.4888,3.18827,-8.69073e-07,-19.8821,2.63432,0.0903435,21.4698,3.09667,0.0903425,-2.46331,3.20343,0.0903425,-2.46331,2.74108,0.0903435,21.4698,-3.08151,-1.06845e-07,-2.44433,-23.7105,8.6739e-07,19.8436,-2.61916,9.39303e-07,21.4888,-34.2862,9.73198e-08,2.22642,0,9.39303e-07,21.4888,0,-1.06845e-07,-2.44433,-2.72592,9.39303e-07,21.4888,-3.18827,-8.69073e-07,-19.8821,-2.63432,0.0903435,21.4698,-3.09667,0.0903425,-2.46331,-3.20343,0.0903425,-2.46331,-2.74108,0.0903435,21.4698,2.74108,0.0903435,21.4698,2.63432,0.0903435,21.4698,2.72592,9.39303e-07,21.4888,2.61916,9.39303e-07,21.4888,23.7105,8.6739e-07,19.8436,2.74108,0.0903435,21.4698,2.63432,0.0903435,21.4698,2.72592,9.39303e-07,21.4888,2.61916,9.39303e-07,21.4888,0,9.39303e-07,21.4888,23.7105,1.07771e-06,24.6551,9.82053,1.14962e-06,26.3003,9.92728,1.14962e-06,26.3003,9.83569,0.0903437,26.2813,9.94244,0.0903437,26.2813,-23.7105,1.07771e-06,24.6551,-8.99487,1.14962e-06,26.3003,0,1.43174e-06,32.7545,-9.10162,1.14962e-06,26.3003,-9.01003,0.0903437,26.2813,-9.11678,0.0903437,26.2813],
    "metadata":{
        "vertices":43,
        "normals":18,
        "uvs":1,
        "type":"Geometry",
        "generator":"io_three",
        "version":3,
        "faces":23,
        "materials":11
    },
    "materials":[{
        "mapDiffuseAnisotropy":1,
        "DbgName":"UCDLogoMat",
        "specularCoef":50,
        "mapDiffuseWrap":["repeat","repeat"],
        "doubleSided":false,
        "visible":true,
        "DbgColor":15658734,
        "depthTest":true,
        "shading":"phong",
        "transparent":false,
        "DbgIndex":0,
        "mapDiffuseRepeat":[1,1],
        "colorSpecular":[0.5,0.5,0.5],
        "wireframe":false,
        "colorEmissive":[0,0,0],
        "mapDiffuse":"UCDFullLogo.png",
        "colorDiffuse":[0.64,0.64,0.64],
        "blending":1,
        "opacity":1,
        "depthWrite":true
    },{
        "DbgName":"leaves",
        "specularCoef":1,
        "doubleSided":false,
        "visible":true,
        "DbgColor":15597568,
        "depthTest":true,
        "shading":"phong",
        "transparent":false,
        "DbgIndex":1,
        "colorSpecular":[0.00793012,0.0208333,0.00503062],
        "wireframe":false,
        "colorEmissive":[0,0,0],
        "colorDiffuse":[0.0293403,0.310714,0.0498531],
        "blending":1,
        "opacity":1,
        "depthWrite":true
    },{
        "DbgName":"concrete",
        "doubleSided":false,
        "visible":true,
        "DbgColor":60928,
        "depthTest":true,
        "shading":"lambert",
        "transparent":false,
        "DbgIndex":2,
        "wireframe":false,
        "colorEmissive":[0,0,0],
        "colorDiffuse":[0.552175,0.586185,0.579684],
        "blending":1,
        "opacity":1,
        "depthWrite":true
    },{
        "DbgName":"grass",
        "specularCoef":50,
        "doubleSided":false,
        "visible":true,
        "DbgColor":238,
        "depthTest":true,
        "shading":"phong",
        "transparent":false,
        "DbgIndex":3,
        "colorSpecular":[0.5,0.5,0.5],
        "wireframe":false,
        "colorEmissive":[0,0,0],
        "colorDiffuse":[0.147916,0.540563,0.190823],
        "blending":1,
        "opacity":1,
        "depthWrite":true
    },{
        "DbgName":"steel",
        "specularCoef":50,
        "doubleSided":false,
        "visible":true,
        "DbgColor":15658496,
        "depthTest":true,
        "shading":"phong",
        "transparent":false,
        "DbgIndex":4,
        "colorSpecular":[0.5,0.5,0.5],
        "wireframe":false,
        "colorEmissive":[0,0,0],
        "colorDiffuse":[0.169333,0.169333,0.169333],
        "blending":1,
        "opacity":1,
        "depthWrite":true
    },{
        "DbgName":"glass",
        "specularCoef":50,
        "doubleSided":false,
        "visible":true,
        "DbgColor":61166,
        "depthTest":true,
        "shading":"phong",
        "transparent":false,
        "DbgIndex":5,
        "colorSpecular":[0.5,0.5,0.5],
        "wireframe":false,
        "colorEmissive":[0,0,0],
        "colorDiffuse":[0.427099,0.818732,1],
        "blending":1,
        "opacity":1,
        "depthWrite":true
    },{
        "DbgName":"gravel",
        "specularCoef":50,
        "doubleSided":false,
        "visible":true,
        "DbgColor":15597806,
        "depthTest":true,
        "shading":"phong",
        "transparent":false,
        "DbgIndex":6,
        "colorSpecular":[0.0972222,0.0972222,0.0972222],
        "wireframe":false,
        "colorEmissive":[0,0,0],
        "colorDiffuse":[0.8,0.734793,0.691831],
        "blending":1,
        "opacity":1,
        "depthWrite":true
    },{
        "DbgName":"roof",
        "specularCoef":50,
        "doubleSided":false,
        "visible":true,
        "DbgColor":15658734,
        "depthTest":true,
        "shading":"phong",
        "transparent":false,
        "DbgIndex":7,
        "colorSpecular":[0.5,0.5,0.5],
        "wireframe":false,
        "colorEmissive":[0,0,0],
        "colorDiffuse":[0.0723956,0.0827344,0.134031],
        "blending":1,
        "opacity":1,
        "depthWrite":true
    },{
        "DbgName":"black",
        "doubleSided":false,
        "visible":true,
        "DbgColor":15658734,
        "depthTest":true,
        "shading":"lambert",
        "transparent":false,
        "DbgIndex":8,
        "wireframe":false,
        "colorEmissive":[0,0,0],
        "colorDiffuse":[0,0,0],
        "blending":1,
        "opacity":1,
        "depthWrite":true
    },{
        "DbgName":"bark",
        "specularCoef":1,
        "doubleSided":false,
        "visible":true,
        "DbgColor":15658734,
        "depthTest":true,
        "shading":"phong",
        "transparent":false,
        "DbgIndex":9,
        "colorSpecular":[0.284722,0.130502,0.0951354],
        "wireframe":false,
        "colorEmissive":[0,0,0],
        "colorDiffuse":[0.0206003,0.0148132,0.00737004],
        "blending":1,
        "opacity":1,
        "depthWrite":true
    },{
        "DbgName":"doorGlass",
        "specularCoef":50,
        "doubleSided":false,
        "visible":true,
        "DbgColor":15658734,
        "depthTest":true,
        "shading":"phong",
        "transparent":false,
        "DbgIndex":10,
        "colorSpecular":[0.5,0.5,0.5],
        "wireframe":false,
        "colorEmissive":[0,0,0],
        "colorDiffuse":[0.335016,0.566915,0.586185],
        "blending":1,
        "opacity":1,
        "depthWrite":true
    }]
}