{
    "metadata":{
        "type":"Geometry",
        "generator":"io_three",
        "version":3,
        "vertices":8,
        "normals":6,
        "materials":1,
        "uvs":1,
        "faces":6
    },
    "vertices":[-1.25987,2.62847,1.08001,-1.25979,2.59345,1.0736,-0.812658,2.41903,2.22813,-0.812582,2.38402,2.22171,-2.16816,2.5591,1.44796,-2.16808,2.52408,1.44154,-1.72095,2.34966,2.59608,-1.72088,2.31464,2.58966],
    "faces":[43,5,1,3,7,0,0,0,0,0,0,0,0,0,43,0,1,5,4,0,0,0,0,0,1,1,1,1,43,7,6,4,5,0,0,0,0,0,2,2,2,2,43,3,2,6,7,0,0,0,0,0,3,3,3,3,43,0,4,6,2,0,1,2,3,4,4,4,4,4,43,1,0,2,3,0,0,0,0,0,5,5,5,5],
    "uvs":[[0,0,0.995338,0.877943,0.0615549,0.878579,0.0602353,0.266079,0.994018,0.265443]],
    "normals":[0.00210801,-0.983618,-0.180252,-0.381116,0.165859,-0.909528,-0.933788,-0.0664311,0.351605,0.381116,-0.165856,0.909529,-0.00210812,0.983618,0.180252,0.933788,0.0664357,-0.351604],
    "materials":[{
        "colorEmissive":[0,0,0],
        "shading":"phong",
        "opacity":1,
        "transparent":false,
        "visible":true,
        "wireframe":false,
        "blending":1,
        "depthTest":true,
        "depthWrite":true,
        "doubleSided":false,
        "DbgName":"ScoresSentences",
        "DbgColor":15658734,
        "DbgIndex":0,
        "colorDiffuse":[0.64,0.64,0.64],
        "specularCoef":98,
        "colorSpecular":[0.0746268,0.0746268,0.0746268],
        "mapDiffuse":"MyScoresAndSentencesBookTitle.png",
        "mapDiffuseAnisotropy":1,
        "mapDiffuseWrap":["repeat","repeat"],
        "mapDiffuseRepeat":[1,1]
    }]
}