{
    "metadata":{
        "type":"Geometry",
        "generator":"io_three",
        "version":3,
        "vertices":62,
        "normals":30,
        "materials":2,
        "faces":50
    },
    "vertices":[1.66743,-0.968044,8.80713e-09,1.6764,0.970415,-8.54884e-09,1.46114,-1.0652,0,1.46114,1.0652,0,1.74586,0.779057,4.71334e-09,1.46114,0.779057,4.71334e-09,1.74586,-0.737424,-5.30251e-09,1.46114,-0.737424,-5.30251e-09,-1.66743,-0.968044,8.80713e-09,-1.67193,0.986053,-7.1746e-09,0,-1.0652,0,0,1.0652,0,-1.46114,-1.0652,0,-1.46114,1.0652,0,-1.74586,0.779057,4.71334e-09,0,0.779057,4.71334e-09,-1.46114,0.779057,4.71334e-09,-1.74586,-0.737424,-5.30251e-09,0,-0.737424,-5.30251e-09,-1.46114,-0.737424,-5.30251e-09,1.91567,-0.957994,-5.64682e-09,2.05309,-0.944289,-9.41005e-09,1.67006,-0.983523,-0.000577222,1.68956,0.988477,-8.4944e-09,1.46628,-1.0784,1.01129e-09,1.47201,1.08512,2.94514e-10,1.76439,0.789871,0.000486107,1.76152,-0.725392,-0.00133753,-1.68217,-0.978532,8.91196e-09,-1.68556,0.994761,-0.00242037,0.00316831,-1.07877,1.05831e-09,-0.00500238,1.08512,2.94514e-10,-1.46619,-1.07954,1.01659e-09,-1.45889,1.08512,2.94514e-10,-1.7652,0.794429,5.02998e-09,-1.7652,-0.746122,-5.61901e-09,1.92709,-0.973265,0.00213681,2.09514,-0.952541,0.0014778,1.59073,1.0555,-2.1701e-09,1.57882,1.0368,-2.35818e-09,1.57359,-1.03896,2.37849e-09,1.57835,-1.05344,-0.000288613,-1.57918,-1.03896,1.20706e-09,-1.58952,-1.05134,1.69621e-09,-1.7234,-0.873212,-1.17782e-09,-1.73964,-0.883429,-1.37956e-09,-1.58659,1.05974,-0.00121018,-1.58106,1.04573,-1.76473e-09,-1.74637,0.896795,-0.00121018,-1.73012,0.884789,-1.02812e-09,-1.46114,0.922129,2.35667e-09,0,0.922129,2.35667e-09,1.46114,0.922129,2.35667e-09,1.6035,0.779057,4.71334e-09,1.6035,-0.737424,-5.30251e-09,1.46114,-0.901313,-2.65125e-09,0,-0.901313,-2.65125e-09,-1.46114,-0.901313,-2.65125e-09,-1.6035,-0.737424,-5.30251e-09,-1.6035,0.779057,4.71334e-09,1.72118,0.887023,-6.09029e-10,1.73692,0.901274,0.000243051],
    "faces":[35,52,1,39,3,0,0,1,0,0,35,51,52,3,11,0,0,0,0,0,35,18,7,5,15,0,0,0,0,0,35,54,6,4,53,0,0,2,3,0,34,54,0,6,0,0,4,2,35,56,55,7,18,0,0,0,0,0,35,50,13,47,9,0,0,5,6,7,35,51,11,13,50,0,0,0,5,0,35,18,15,16,19,0,0,0,0,0,35,58,59,14,17,0,0,0,8,0,35,8,58,17,44,0,0,0,0,9,35,56,18,19,57,0,0,0,0,0,35,6,0,20,21,0,2,4,10,11,35,49,9,29,48,1,12,7,13,14,35,20,0,22,36,1,10,4,15,16,35,2,10,30,24,1,17,0,0,18,35,13,11,31,33,1,5,0,0,19,35,44,17,35,45,1,9,0,0,0,35,39,1,23,38,1,0,1,20,0,35,10,12,32,30,1,0,0,0,0,35,47,13,33,46,1,6,5,19,21,35,4,6,27,26,1,3,2,22,23,35,40,2,24,41,1,24,17,18,25,35,17,14,34,35,1,0,8,26,0,35,60,4,26,61,1,27,3,23,28,35,21,20,36,37,1,11,10,16,29,35,11,3,25,31,1,0,0,0,0,35,42,8,28,43,1,0,0,0,0,35,6,21,37,27,1,2,11,29,22,35,59,9,49,14,0,0,7,12,8,35,15,51,50,16,0,0,0,0,0,35,15,5,52,51,0,0,0,0,0,35,53,4,60,1,0,0,3,27,1,35,5,53,1,52,0,0,0,1,0,35,7,54,53,5,0,0,0,0,0,35,55,0,54,7,0,0,4,0,0,35,0,55,2,40,0,4,0,17,24,35,10,2,55,56,0,0,17,0,0,35,10,56,57,12,0,0,0,0,0,35,12,57,8,42,0,0,0,0,0,35,57,19,58,8,0,0,0,0,0,35,19,16,59,58,0,0,0,0,0,35,16,50,9,59,0,0,0,7,0,35,9,47,46,29,1,7,6,21,13,35,14,49,48,34,1,8,12,14,26,35,8,44,45,28,1,0,9,0,0,35,12,42,43,32,1,0,0,0,0,35,0,40,41,22,1,4,24,25,15,35,3,39,38,25,1,0,0,0,0,35,1,60,61,23,1,1,27,28,20],
    "normals":[0,0,1,-0.0019837,-0.00061037,0.999969,0.00317392,0.000427259,0.999969,0.00463881,-0.000885037,0.999969,0.00177007,0.00668355,0.999969,-0.00326548,0.0101321,0.999939,-0.0232856,0.0377514,0.998993,-0.0438246,0.0455336,0.997986,-0.00433363,0.00167852,0.999969,0,0,0.999969,-0.0044557,0.0369274,0.999298,-0.00656148,0.0580157,0.998291,-0.0277108,0.0161443,0.999481,-0.0776696,0.0737632,0.994232,-0.0598163,0.037141,0.997497,0.00750755,0.00830103,0.999908,-0.0104678,0.100528,0.994873,0.000762963,-0.00207526,0.999969,0.0019837,-0.00543229,0.999969,-0.00476089,0.0148015,0.999878,-0.00262459,-0.000793481,0.999969,-0.0408948,0.0664083,0.996948,0.0124821,0.000854518,0.999908,-0.0029603,-0.00238044,0.999969,0.00686666,-0.00967437,0.999908,0.0108646,-0.0159612,0.999786,-0.0182195,0.00704978,0.999786,-0.00753807,-0.00149541,0.999969,-0.0109256,-0.002472,0.999908,-0.00671407,0.0567339,0.998352],
    "materials":[{
        "colorEmissive":[0,0,0],
        "shading":"phong",
        "opacity":1,
        "transparent":false,
        "visible":true,
        "wireframe":false,
        "blending":"NormalBlending",
        "depthTest":true,
        "depthWrite":true,
        "doubleSided":false,
        "DbgName":"Material.001",
        "DbgColor":15658734,
        "DbgIndex":0,
        "colorDiffuse":[0.8,0.8,0.8],
        "specularCoef":50,
        "colorSpecular":[0.392086,0.392086,0.392086]
    },{
        "colorEmissive":[0,0,0],
        "shading":"phong",
        "opacity":1,
        "transparent":false,
        "visible":true,
        "wireframe":false,
        "blending":"NormalBlending",
        "depthTest":true,
        "depthWrite":true,
        "doubleSided":false,
        "DbgName":"edge",
        "DbgColor":15597568,
        "DbgIndex":1,
        "colorDiffuse":[0.595312,0.595312,0.595312],
        "specularCoef":50,
        "colorSpecular":[0.5,0.5,0.5]
    }]
}