{
    "metadata":{
        "type":"Geometry",
        "generator":"io_three",
        "version":3,
        "vertices":66,
        "normals":32,
        "materials":2,
        "faces":59
    },
    "vertices":[1.66743,-0.968044,8.80713e-09,1.6764,0.970415,-8.54884e-09,1.46114,-1.0652,0,1.46114,1.0652,0,1.74586,0.779057,4.71334e-09,1.46114,0.779057,4.71334e-09,1.74586,-0.737424,-5.30251e-09,1.46114,-0.737424,-5.30251e-09,-1.66743,-0.968044,8.80713e-09,-1.67193,0.986053,-7.1746e-09,0,-1.0652,0,0,1.0652,0,-1.46114,-1.0652,0,-1.46114,1.0652,0,-1.74586,0.779057,4.71334e-09,0,0.779057,4.71334e-09,-1.46114,0.779057,4.71334e-09,-1.74586,-0.737424,-5.30251e-09,0,-0.737424,-5.30251e-09,-1.46114,-0.737424,-5.30251e-09,1.70991,-0.863526,0.000190161,1.67006,-0.983523,-0.000577222,1.68956,0.988477,-8.4944e-09,1.46628,-1.0784,1.01129e-09,1.47201,1.08512,2.94514e-10,1.76439,0.789871,0.000486107,1.76152,-0.725392,-0.00133753,-1.68217,-0.978532,8.91196e-09,-1.68556,0.994761,-0.00242037,0.00316831,-1.07877,1.05831e-09,-0.00500238,1.08512,2.94514e-10,-1.46619,-1.07954,1.01659e-09,-1.45889,1.08512,2.94514e-10,-1.7652,0.794429,5.02998e-09,-1.7652,-0.746122,-5.61901e-09,1.71871,-0.874426,0.00157936,1.59073,1.0555,-2.1701e-09,1.57882,1.0368,-2.35818e-09,1.57359,-1.03896,2.37849e-09,1.57835,-1.05344,-0.000288613,-1.57918,-1.03896,1.20706e-09,-1.58952,-1.05134,1.69621e-09,-1.7234,-0.873212,-1.17782e-09,-1.73964,-0.883429,-1.37956e-09,-1.58659,1.05974,-0.00121018,-1.58106,1.04573,-1.76473e-09,-1.74637,0.896795,-0.00121018,-1.73012,0.884789,-1.02812e-09,-1.46114,0.922129,2.35667e-09,0,0.922129,2.35667e-09,1.46114,0.922129,2.35667e-09,1.6035,0.779057,4.71334e-09,1.6035,-0.737424,-5.30251e-09,1.46114,-0.901313,-2.65125e-09,0,-0.901313,-2.65125e-09,-1.46114,-0.901313,-2.65125e-09,-1.6035,-0.737424,-5.30251e-09,-1.6035,0.779057,4.71334e-09,1.73072,0.874013,3.78396e-06,1.74955,0.882278,0.000239263,1.74551,-0.0909352,4.73702e-05,1.76331,-0.101896,-0.000473072,1.7431,0.111174,-6.92072e-06,1.76428,0.126366,3.71457e-05,2.05996,0.0742672,-0.000331665,2.01967,0.0659931,0.000133921],
    "faces":[35,50,1,37,3,0,0,1,0,0,35,49,50,3,11,0,0,0,0,0,35,18,7,5,15,0,0,0,0,0,34,51,52,6,0,2,3,4,34,60,65,62,0,5,5,5,34,51,6,60,0,2,4,5,34,62,4,51,0,5,6,2,34,60,62,51,0,5,5,2,35,54,53,7,18,0,0,0,0,0,35,48,13,45,9,0,0,7,8,9,35,49,11,13,48,0,0,0,7,0,35,18,15,16,19,0,0,0,0,0,35,56,57,14,17,0,0,0,10,0,35,8,56,17,42,0,0,0,0,11,35,54,18,19,55,0,0,0,0,0,35,47,9,28,46,1,12,9,13,14,35,20,0,21,35,1,15,16,17,18,35,2,10,29,23,1,19,0,0,20,35,13,11,30,32,1,7,0,0,21,35,42,17,34,43,1,11,0,0,0,35,37,1,22,36,1,0,1,22,0,35,10,12,31,29,1,0,0,0,0,35,45,13,32,44,1,8,7,21,23,34,25,4,62,1,24,6,5,34,63,25,62,1,25,24,5,34,6,26,61,1,4,26,25,34,63,62,65,1,25,5,5,34,60,6,61,1,5,4,25,34,64,63,65,1,25,25,5,34,65,60,61,1,5,5,25,34,65,61,64,1,5,25,25,35,38,2,23,39,1,27,19,20,28,35,17,14,33,34,1,0,10,29,0,35,58,4,25,59,1,30,6,24,31,35,11,3,24,30,1,0,0,0,0,35,40,8,27,41,1,0,0,0,0,35,6,20,35,26,1,4,15,18,26,35,57,9,47,14,0,0,9,12,10,35,15,49,48,16,0,0,0,0,0,35,15,5,50,49,0,0,0,0,0,35,51,4,58,1,0,2,6,30,1,35,5,51,1,50,0,0,2,1,0,35,7,52,51,5,0,0,3,2,0,35,53,0,52,7,0,0,16,3,0,35,0,53,2,38,0,16,0,19,27,35,10,2,53,54,0,0,19,0,0,35,10,54,55,12,0,0,0,0,0,35,12,55,8,40,0,0,0,0,0,35,55,19,56,8,0,0,0,0,0,35,19,16,57,56,0,0,0,0,0,35,16,48,9,57,0,0,0,9,0,35,9,45,44,28,1,9,8,23,13,35,14,47,46,33,1,10,12,14,29,35,8,42,43,27,1,0,11,0,0,35,12,40,41,31,1,0,0,0,0,35,0,38,39,21,1,16,27,28,17,35,3,37,36,24,1,0,0,0,0,35,1,58,59,22,1,1,30,31,22,35,0,20,6,52,0,16,15,4,3],
    "normals":[0,0,1,-0.00180059,-0.000640889,0.999969,-3.05185e-05,0,1,-0.000274667,9.15555e-05,0.999969,0.000824,0.0044557,0.999969,0.00744652,-0.00143437,0.999969,0.00146489,-0.00128178,0.999969,-0.00326548,0.0101321,0.999939,-0.0232856,0.0377514,0.998993,-0.0438246,0.0455336,0.997986,-0.00433363,0.00167852,0.999969,0,0,0.999969,-0.0277108,0.0161443,0.999481,-0.0776696,0.0737632,0.994232,-0.0598163,0.037141,0.997497,-0.00976592,0.00604266,0.999908,-0.0166631,-0.000122074,0.999847,0.00454726,-0.01648,0.999847,-0.033845,0.0104678,0.999359,0.000762963,-0.00207526,0.999969,0.0019837,-0.00543229,0.999969,-0.00476089,0.0148015,0.999878,-0.00241096,-0.000854518,0.999969,-0.0408948,0.0664083,0.996948,-0.00674459,-0.00210578,0.999969,0.0150456,-0.00292978,0.999878,0.0111087,0.000366222,0.999908,0.00686666,-0.00967437,0.999908,0.0108646,-0.0159612,0.999786,-0.0182195,0.00704978,0.999786,-0.00686666,-0.00100711,0.999969,-0.0117191,-0.00183111,0.999908],
    "materials":[{
        "colorEmissive":[0,0,0],
        "shading":"phong",
        "opacity":1,
        "transparent":false,
        "visible":true,
        "wireframe":false,
        "blending":"NormalBlending",
        "depthTest":true,
        "depthWrite":true,
        "doubleSided":false,
        "DbgName":"Material.001",
        "DbgColor":15658734,
        "DbgIndex":0,
        "colorDiffuse":[0.8,0.8,0.8],
        "specularCoef":50,
        "colorSpecular":[0.392086,0.392086,0.392086]
    },{
        "colorEmissive":[0,0,0],
        "shading":"phong",
        "opacity":1,
        "transparent":false,
        "visible":true,
        "wireframe":false,
        "blending":"NormalBlending",
        "depthTest":true,
        "depthWrite":true,
        "doubleSided":false,
        "DbgName":"edge",
        "DbgColor":15597568,
        "DbgIndex":1,
        "colorDiffuse":[0.595312,0.595312,0.595312],
        "specularCoef":50,
        "colorSpecular":[0.5,0.5,0.5]
    }]
}