{
    "metadata":{
        "type":"Geometry",
        "generator":"io_three",
        "version":3,
        "vertices":8,
        "normals":6,
        "materials":1,
        "uvs":1,
        "faces":6
    },
    "vertices":[0.317564,2.7186,0.574291,0.317558,2.68308,0.567847,0.185909,2.47555,1.91384,0.185904,2.44003,1.9074,-0.62498,2.735,0.484632,-0.624985,2.69949,0.478188,-0.756635,2.49195,1.82419,-0.75664,2.45644,1.81774],
    "faces":[43,5,1,3,7,0,0,0,0,0,0,0,0,0,43,0,1,5,4,0,0,0,0,0,1,1,1,1,43,7,6,4,5,0,0,0,0,0,2,2,2,2,43,3,2,6,7,0,0,0,0,0,3,3,3,3,43,0,4,6,2,0,1,2,3,4,4,4,4,4,43,1,0,2,3,0,0,0,0,0,5,5,5,5],
    "uvs":[[0,0,0.99592,0.856895,0.0453491,0.857531,0.0440277,0.270526,0.994599,0.269889]],
    "normals":[-0.000142753,-0.983932,-0.178541,0.0962547,0.177699,-0.979366,-0.995357,0.0173253,-0.0946826,-0.0962548,-0.177698,0.979366,0.000142753,0.983932,0.178541,0.995357,-0.0173248,0.0946828],
    "materials":[{
        "colorEmissive":[0,0,0],
        "shading":"phong",
        "opacity":1,
        "transparent":false,
        "visible":true,
        "wireframe":false,
        "blending":1,
        "depthTest":true,
        "depthWrite":true,
        "doubleSided":false,
        "DbgName":"Tests",
        "DbgColor":15658734,
        "DbgIndex":0,
        "colorDiffuse":[0.64,0.64,0.64],
        "specularCoef":50,
        "colorSpecular":[0.19403,0.19403,0.19403],
        "mapDiffuse":"MyTestsBookTitle.png",
        "mapDiffuseAnisotropy":1,
        "mapDiffuseWrap":["repeat","repeat"],
        "mapDiffuseRepeat":[1,1]
    }]
}